{
  "properties": {
    "connectionReferences": {
      "shared_planner": {
        "runtimeSource": "invoker",
        "connection": {
          "connectionReferenceLogicalName": "artifix_sharedplanner_f6b99"
        },
        "api": {
          "name": "shared_planner"
        }
      },
      "shared_filesystem-1": {
        "runtimeSource": "invoker",
        "connection": {
          "connectionReferenceLogicalName": "artifix_sharedfilesystem_a86df"
        },
        "api": {
          "name": "shared_filesystem"
        }
      }
    },
    "definition": {
      "$schema": "https://schema.management.azure.com/providers/Microsoft.Logic/schemas/2016-06-01/workflowdefinition.json#",
      "contentVersion": "undefined",
      "parameters": {
        "$authentication": {
          "defaultValue": {},
          "type": "SecureObject"
        },
        "$connections": {
          "defaultValue": {},
          "type": "Object"
        }
      },
      "triggers": {
        "manual": {
          "type": "Request",
          "kind": "Button",
          "inputs": {
            "schema": {
              "type": "object",
              "properties": {},
              "required": []
            }
          }
        }
      },
      "actions": {
        "List_tasks": {
          "runAfter": {},
          "type": "OpenApiConnection",
          "inputs": {
            "parameters": {
              "groupId": "5363934a-a229-4a5e-9765-53bef3c10c4f",
              "id": "w2mN4LLPi0G6lG23AX8_q2QAFlvq"
            },
            "host": {
              "apiId": "/providers/Microsoft.PowerApps/apis/shared_planner",
              "connectionName": "shared_planner",
              "operationId": "ListTasks_V3"
            },
            "authentication": {
              "value": "@json(decodeBase64(triggerOutputs().headers['X-MS-APIM-Tokens']))['$ConnectionKey']",
              "type": "Raw"
            }
          }
        },
        "Create_file": {
          "runAfter": {
            "List_tasks": [
              "Succeeded"
            ]
          },
          "type": "OpenApiConnection",
          "inputs": {
            "parameters": {
              "folderPath": "/",
              "name": "tasksplanner.json",
              "body": "@body('List_tasks')"
            },
            "host": {
              "apiId": "/providers/Microsoft.PowerApps/apis/shared_filesystem",
              "connectionName": "shared_filesystem-1",
              "operationId": "CreateFile"
            },
            "authentication": {
              "value": "@json(decodeBase64(triggerOutputs().headers['X-MS-APIM-Tokens']))['$ConnectionKey']",
              "type": "Raw"
            }
          }
        }
      }
    },
    "templateName": null
  },
  "schemaVersion": "1.0.0.0"
}