{
  "properties": {
    "connectionReferences": {
      "shared_planner-2": {
        "api": {
          "name": "shared_planner"
        },
        "connection": {
          "connectionReferenceLogicalName": "artifix_sharedplanner_1fdcd"
        },
        "runtimeSource": "embedded"
      },
      "shared_planner-1": {
        "api": {
          "name": "shared_planner"
        },
        "connection": {
          "connectionReferenceLogicalName": "artifix_sharedplanner_09ff8"
        },
        "runtimeSource": "embedded"
      },
      "shared_excelonlinebusiness-1": {
        "api": {
          "name": "shared_excelonlinebusiness"
        },
        "connection": {
          "connectionReferenceLogicalName": "artifix_sharedexcelonlinebusiness_2279e"
        },
        "runtimeSource": "embedded"
      },
      "shared_office365users": {
        "api": {
          "name": "shared_office365users"
        },
        "connection": {
          "connectionReferenceLogicalName": "artifix_sharedoffice365users_61d64"
        },
        "runtimeSource": "embedded"
      }
    },
    "definition": {
      "$schema": "https://schema.management.azure.com/providers/Microsoft.Logic/schemas/2016-06-01/workflowdefinition.json#",
      "contentVersion": "undefined",
      "parameters": {
        "$authentication": {
          "defaultValue": {},
          "type": "SecureObject"
        },
        "$connections": {
          "defaultValue": {},
          "type": "Object"
        }
      },
      "triggers": {
        "When_a_new_task_is_created": {
          "type": "OpenApiConnection",
          "inputs": {
            "parameters": {
              "groupId": "5363934a-a229-4a5e-9765-53bef3c10c4f",
              "id": "w2mN4LLPi0G6lG23AX8_q2QAFlvq"
            },
            "host": {
              "apiId": "/providers/Microsoft.PowerApps/apis/shared_planner",
              "operationId": "OnNewTask_V3",
              "connectionName": "shared_planner-2"
            }
          },
          "recurrence": {
            "frequency": "Minute",
            "interval": 5
          },
          "splitOn": "@triggerOutputs()?['body/value']"
        }
      },
      "actions": {
        "Get_task_details": {
          "type": "OpenApiConnection",
          "inputs": {
            "parameters": {
              "id": "@triggerOutputs()?['body/id']"
            },
            "host": {
              "apiId": "/providers/Microsoft.PowerApps/apis/shared_planner",
              "operationId": "GetTaskDetails_V2",
              "connectionName": "shared_planner-1"
            }
          },
          "runAfter": {
            "Initialize_variable_assignments": [
              "Succeeded"
            ]
          }
        },
        "Initialize_variable_assignments": {
          "type": "InitializeVariable",
          "inputs": {
            "variables": [
              {
                "name": "assignments",
                "type": "string"
              }
            ]
          },
          "runAfter": {
            "List_buckets": [
              "Succeeded"
            ]
          }
        },
        "List_buckets": {
          "type": "OpenApiConnection",
          "inputs": {
            "parameters": {
              "groupId": "5363934a-a229-4a5e-9765-53bef3c10c4f",
              "id": "w2mN4LLPi0G6lG23AX8_q2QAFlvq"
            },
            "host": {
              "apiId": "/providers/Microsoft.PowerApps/apis/shared_planner",
              "operationId": "ListBuckets_V3",
              "connectionName": "shared_planner-1"
            }
          },
          "runAfter": {
            "Initialize_variable_bucketName": [
              "Succeeded"
            ]
          }
        },
        "For_each_buckets": {
          "type": "Foreach",
          "foreach": "@outputs('List_buckets')?['body/value']",
          "actions": {
            "Condition_findBucketName": {
              "type": "If",
              "expression": {
                "and": [
                  {
                    "contains": [
                      "@items('For_each_buckets')?['id']",
                      "@triggerOutputs()?['body/bucketId']"
                    ]
                  }
                ]
              },
              "actions": {
                "Set_variable_bucketName": {
                  "type": "SetVariable",
                  "inputs": {
                    "name": "bucketName",
                    "value": "@items('For_each_buckets')?['name']"
                  }
                }
              },
              "else": {
                "actions": {}
              }
            }
          },
          "runAfter": {
            "Condition_hasAssignements": [
              "Succeeded"
            ]
          }
        },
        "Add_a_row_into_a_table": {
          "type": "OpenApiConnection",
          "inputs": {
            "parameters": {
              "source": "me",
              "drive": "b!prHifr7kMUiDsgcuqDJ806iAR75GBnFFvLUEOlybkv72ojKm2kXbS6vzyI4TeC-p",
              "file": "01AX2USSY6UMSXU5GVLVHLRIYDIXPVEJG7",
              "table": "{EB01E72A-9C44-4195-9E02-A5126C612D03}",
              "item/Identificação da tarefa": "@triggerOutputs()?['body/id']",
              "item/Nome da tarefa": "@triggerOutputs()?['body/title']",
              "item/ID do Bucket": "@triggerOutputs()?['body/bucketId']",
              "item/Nome do Bucket": "@variables('bucketName')",
              "item/Progresso": "@if(equals(triggerOutputs()?['body/percentComplete'],0),'Não iniciado',if(equals(triggerOutputs()?['body/percentComplete'],50),'Em andamento','Concluída'))",
              "item/Prioridade": "@if(lessOrEquals(outputs('Compose_priority'), 1), 'Urgente', \r\n    if(lessOrEquals(outputs('Compose_priority'), 3), 'Importante', \r\n        if(lessOrEquals(outputs('Compose_priority'), 5), 'Média', 'Baixa')))",
              "item/Atribuído a": "@variables('assignments')",
              "item/Criado por": "@outputs('Get_user_profile_(V2)_CreatedBy')?['body/displayName']",
              "item/Criado em": "@if(not(equals(triggerOutputs()?['body/createdDateTime'], null)), div(sub(ticks(body('Add_to_CreatedDateTime')), ticks('1900-01-01T00:00:00Z')), 864000000000), '')",
              "item/Data de início": "@if(not(equals(triggerOutputs()?['body/startDateTime'], null)), div(sub(ticks(body('Add_to_time_startDateTime')), ticks('1900-01-01T00:00:00Z')), 864000000000), '')",
              "item/Data de conclusão": "@if(not(equals(triggerOutputs()?['body/dueDateTime'], null)), div(sub(ticks(body('Add_to_time_dueDateTime')), ticks('1900-01-01T00:00:00Z')), 864000000000), '')",
              "item/É Recorrente": "false",
              "item/Atrasados": "false",
              "item/Itens da lista de verificação": "@variables('checkListItems')",
              "item/Rótulos": "@variables('rotulos')",
              "item/Descrição": "@outputs('Update_task_details')?['body/description']"
            },
            "host": {
              "apiId": "/providers/Microsoft.PowerApps/apis/shared_excelonlinebusiness",
              "operationId": "AddRowV2",
              "connectionName": "shared_excelonlinebusiness-1"
            }
          },
          "runAfter": {
            "Compose_priority": [
              "Succeeded"
            ]
          },
          "metadata": {
            "01AX2USS4MVZNPJ4J2ORB2TOLV2HEWMHP5": "/Documents/Tarefas Teste.xlsx",
            "tableId": "{FF75DC5D-7DC8-40E7-AA29-1CFC3364DF3B}",
            "01AX2USSY6UMSXU5GVLVHLRIYDIXPVEJG7": "/Documents/Tarefas Planner/Tarefas Teste.xlsx"
          }
        },
        "Condition_hasAssignements": {
          "type": "If",
          "expression": {
            "and": [
              {
                "equals": [
                  "@empty(triggerOutputs()?['body/_assignments'])",
                  false
                ]
              }
            ]
          },
          "actions": {
            "For_each": {
              "type": "Foreach",
              "foreach": "@triggerOutputs()?['body/_assignments']",
              "actions": {
                "Append_to_string_variable_assignments": {
                  "type": "AppendToStringVariable",
                  "inputs": {
                    "name": "assignments",
                    "value": "@{outputs('Get_user_profile_(V2)')?['body/displayName']};"
                  },
                  "runAfter": {
                    "Get_user_profile_(V2)": [
                      "Succeeded"
                    ]
                  }
                },
                "Get_user_profile_(V2)": {
                  "type": "OpenApiConnection",
                  "inputs": {
                    "parameters": {
                      "id": "@item()?['userId']"
                    },
                    "host": {
                      "apiId": "/providers/Microsoft.PowerApps/apis/shared_office365users",
                      "operationId": "UserProfile_V2",
                      "connectionName": "shared_office365users"
                    }
                  }
                }
              }
            }
          },
          "else": {
            "actions": {}
          },
          "runAfter": {
            "Get_task_details": [
              "Succeeded"
            ]
          }
        },
        "Get_user_profile_(V2)_CreatedBy": {
          "type": "OpenApiConnection",
          "inputs": {
            "parameters": {
              "id": "@triggerOutputs()?['body/createdBy/user/id']"
            },
            "host": {
              "apiId": "/providers/Microsoft.PowerApps/apis/shared_office365users",
              "operationId": "UserProfile_V2",
              "connectionName": "shared_office365users"
            }
          },
          "runAfter": {
            "Condition_hasCheckListItems": [
              "Succeeded"
            ]
          }
        },
        "Update_task_details": {
          "type": "OpenApiConnection",
          "inputs": {
            "parameters": {
              "id": "@outputs('Get_task_details')?['body/id']",
              "body/description": "@{formatDateTime(utcNow(),'dd-MM-yyyy')} - @{variables('bucketName')}\n@{outputs('Get_task_details')?['body/description']}"
            },
            "host": {
              "apiId": "/providers/Microsoft.PowerApps/apis/shared_planner",
              "operationId": "UpdateTaskDetails_V2",
              "connectionName": "shared_planner-1"
            }
          },
          "runAfter": {
            "For_each_buckets": [
              "Succeeded"
            ]
          }
        },
        "Initialize_variable_checkListItems": {
          "type": "InitializeVariable",
          "inputs": {
            "variables": [
              {
                "name": "checkListItems",
                "type": "string"
              }
            ]
          },
          "runAfter": {
            "Initialize_variable_rotulos": [
              "Succeeded"
            ]
          }
        },
        "Initialize_variable_bucketName": {
          "type": "InitializeVariable",
          "inputs": {
            "variables": [
              {
                "name": "bucketName",
                "type": "string"
              }
            ]
          },
          "runAfter": {
            "Initialize_variable_checkListItems": [
              "Succeeded"
            ]
          }
        },
        "Initialize_variable_rotulos": {
          "type": "InitializeVariable",
          "inputs": {
            "variables": [
              {
                "name": "rotulos",
                "type": "string",
                "value": "@{if(not(equals(triggerOutputs()?['body/appliedCategories/category1'],null)),'Pink;','')}@{if(not(equals(triggerOutputs()?['body/appliedCategories/category2'],null)),'Red;','')}@{if(not(equals(triggerOutputs()?['body/appliedCategories/category3'],null)),'Yellow;','')}@{if(not(equals(triggerOutputs()?['body/appliedCategories/category4'],null)),'Green;','')}@{if(not(equals(triggerOutputs()?['body/appliedCategories/category5'],null)),'Blue;','')}@{if(not(equals(triggerOutputs()?['body/appliedCategories/category6'],null)),'Purple;','')}@{if(not(equals(triggerOutputs()?['body/appliedCategories/category7'],null)),'Bronze;','')}@{if(not(equals(triggerOutputs()?['body/appliedCategories/category8'],null)),'Lime;','')}@{if(not(equals(triggerOutputs()?['body/appliedCategories/category9'],null)),'Aqua;','')}@{if(not(equals(triggerOutputs()?['body/appliedCategories/category10'],null)),'Gray;','')}@{if(not(equals(triggerOutputs()?['body/appliedCategories/category11'],null)),'Silver;','')}@{if(not(equals(triggerOutputs()?['body/appliedCategories/category12'],null)),'Brown;','')}@{if(not(equals(triggerOutputs()?['body/appliedCategories/category13'],null)),'Cranberry;','')}@{if(not(equals(triggerOutputs()?['body/appliedCategories/category14'],null)),'Orange;','')}@{if(not(equals(triggerOutputs()?['body/appliedCategories/category15'],null)),'Peach;','')}@{if(not(equals(triggerOutputs()?['body/appliedCategories/category16'],null)),'Marigold;','')}@{if(not(equals(triggerOutputs()?['body/appliedCategories/category17'],null)),'Light green;','')}@{if(not(equals(triggerOutputs()?['body/appliedCategories/category18'],null)),'Daark green;','')}@{if(not(equals(triggerOutputs()?['body/appliedCategories/category19'],null)),'Teal;','')}@{if(not(equals(triggerOutputs()?['body/appliedCategories/category20'],null)),'Light blue;','')}@{if(not(equals(triggerOutputs()?['body/appliedCategories/category21'],null)),'Dark blue;','')}@{if(not(equals(triggerOutputs()?['body/appliedCategories/category22'],null)),'Lavender;','')}@{if(not(equals(triggerOutputs()?['body/appliedCategories/category23'],null)),'Plum;','')}@{if(not(equals(triggerOutputs()?['body/appliedCategories/category24'],null)),'Light gray;','')}@{if(not(equals(triggerOutputs()?['body/appliedCategories/category25'],null)),'Dark gray;','')}"
              }
            ]
          },
          "runAfter": {
            "Scope_-_has_DateTimes": [
              "Succeeded"
            ]
          }
        },
        "Condition_hasCheckListItems": {
          "type": "If",
          "expression": {
            "and": [
              {
                "equals": [
                  "@not(empty(outputs('Get_task_details')?['body/checklist']))",
                  true
                ]
              }
            ]
          },
          "actions": {
            "For_each_checkListItem": {
              "type": "Foreach",
              "foreach": "@outputs('Get_task_details')?['body/checklist']",
              "actions": {
                "Append_to_string_variable_checkListItems": {
                  "type": "AppendToStringVariable",
                  "inputs": {
                    "name": "checkListItems",
                    "value": "@{items('For_each_checkListItem')?['value/title']};"
                  }
                }
              }
            }
          },
          "else": {
            "actions": {}
          },
          "runAfter": {
            "Update_task_details": [
              "Succeeded"
            ]
          }
        },
        "Compose_priority": {
          "type": "Compose",
          "inputs": "@triggerBody()?['priority']",
          "runAfter": {
            "Get_user_profile_(V2)_CreatedBy": [
              "Succeeded"
            ]
          }
        },
        "Add_to_CreatedDateTime": {
          "type": "Expression",
          "kind": "AddToTime",
          "inputs": {
            "baseTime": "@triggerOutputs()?['body/createdDateTime']",
            "interval": 2,
            "timeUnit": "Day"
          },
          "runAfter": {
            "Initialize_variable_dueDateTime": [
              "Succeeded"
            ]
          }
        },
        "Initialize_variable_createdDateTime": {
          "type": "InitializeVariable",
          "inputs": {
            "variables": [
              {
                "name": "createdDateTime",
                "type": "string"
              }
            ]
          },
          "runAfter": {}
        },
        "Initialize_variable_startDateTime": {
          "type": "InitializeVariable",
          "inputs": {
            "variables": [
              {
                "name": "startDateTime",
                "type": "string"
              }
            ]
          },
          "runAfter": {
            "Initialize_variable_createdDateTime": [
              "Succeeded"
            ]
          }
        },
        "Initialize_variable_dueDateTime": {
          "type": "InitializeVariable",
          "inputs": {
            "variables": [
              {
                "name": "dueDateTime",
                "type": "string"
              }
            ]
          },
          "runAfter": {
            "Initialize_variable_startDateTime": [
              "Succeeded"
            ]
          }
        },
        "Scope_-_has_DateTimes": {
          "type": "Scope",
          "actions": {
            "Condition_hash_startDateTime": {
              "type": "If",
              "expression": {
                "and": [
                  {
                    "equals": [
                      "@not(equals(triggerOutputs()?['body/startDateTime'],null))",
                      true
                    ]
                  }
                ]
              },
              "actions": {
                "Add_to_time_startDateTime": {
                  "type": "Expression",
                  "kind": "AddToTime",
                  "inputs": {
                    "baseTime": "@triggerOutputs()?['body/startDateTime']",
                    "interval": 2,
                    "timeUnit": "Day"
                  }
                },
                "Set_variable_startDateTime": {
                  "type": "SetVariable",
                  "inputs": {
                    "name": "startDateTime",
                    "value": "@body('Add_to_time_startDateTime')"
                  },
                  "runAfter": {
                    "Add_to_time_startDateTime": [
                      "Succeeded"
                    ]
                  }
                }
              },
              "else": {
                "actions": {}
              }
            },
            "Condition_hasDueDateTime": {
              "type": "If",
              "expression": {
                "and": [
                  {
                    "equals": [
                      "@not(equals(triggerOutputs()?['body/dueDateTime'],null))",
                      true
                    ]
                  }
                ]
              },
              "actions": {
                "Add_to_time_dueDateTime": {
                  "type": "Expression",
                  "kind": "AddToTime",
                  "inputs": {
                    "baseTime": "@triggerOutputs()?['body/dueDateTime']",
                    "interval": 2,
                    "timeUnit": "Day"
                  }
                },
                "Set_variable_dueDateTime": {
                  "type": "SetVariable",
                  "inputs": {
                    "name": "dueDateTime",
                    "value": "@body('Add_to_time_dueDateTime')"
                  },
                  "runAfter": {
                    "Add_to_time_dueDateTime": [
                      "Succeeded"
                    ]
                  }
                }
              },
              "else": {
                "actions": {}
              }
            }
          },
          "runAfter": {
            "Add_to_CreatedDateTime": [
              "Succeeded"
            ]
          }
        }
      }
    },
    "templateName": null
  },
  "schemaVersion": "1.0.0.0"
}