{
  "properties": {
    "connectionReferences": {
      "shared_excelonlinebusiness": {
        "api": {
          "name": "shared_excelonlinebusiness"
        },
        "connection": {
          "connectionReferenceLogicalName": "artifix_sharedexcelonlinebusiness_eee5d"
        },
        "runtimeSource": "invoker"
      },
      "shared_planner": {
        "api": {
          "name": "shared_planner"
        },
        "connection": {
          "connectionReferenceLogicalName": "artifix_sharedplanner_09ff8"
        },
        "runtimeSource": "invoker"
      }
    },
    "definition": {
      "$schema": "https://schema.management.azure.com/providers/Microsoft.Logic/schemas/2016-06-01/workflowdefinition.json#",
      "contentVersion": "undefined",
      "parameters": {
        "$authentication": {
          "defaultValue": {},
          "type": "SecureObject"
        },
        "$connections": {
          "defaultValue": {},
          "type": "Object"
        }
      },
      "triggers": {
        "manual": {
          "type": "Request",
          "kind": "Button",
          "inputs": {
            "schema": {
              "type": "object",
              "properties": {},
              "required": []
            }
          }
        }
      },
      "actions": {
        "List_rows_present_in_a_table": {
          "type": "OpenApiConnection",
          "inputs": {
            "parameters": {
              "source": "me",
              "drive": "b!prHifr7kMUiDsgcuqDJ806iAR75GBnFFvLUEOlybkv72ojKm2kXbS6vzyI4TeC-p",
              "file": "01AX2USSY6UMSXU5GVLVHLRIYDIXPVEJG7",
              "table": "{EB01E72A-9C44-4195-9E02-A5126C612D03}"
            },
            "host": {
              "apiId": "/providers/Microsoft.PowerApps/apis/shared_excelonlinebusiness",
              "operationId": "GetItems",
              "connectionName": "shared_excelonlinebusiness"
            }
          },
          "runAfter": {},
          "metadata": {
            "01AX2USS4MVZNPJ4J2ORB2TOLV2HEWMHP5": "/Documents/Tarefas Planner/Tarefas Teste.xlsx",
            "tableId": "{EB01E72A-9C44-4195-9E02-A5126C612D03}",
            "01AX2USSY6UMSXU5GVLVHLRIYDIXPVEJG7": "/Documents/Tarefas Planner/Tarefas Teste.xlsx"
          }
        },
        "For_each_Task_ID": {
          "type": "Foreach",
          "foreach": "@outputs('List_rows_present_in_a_table')?['body/value']",
          "actions": {
            "Get_a_task": {
              "type": "OpenApiConnection",
              "inputs": {
                "parameters": {
                  "id": "@items('For_each_Task_ID')?['Identificação da tarefa']"
                },
                "host": {
                  "apiId": "/providers/Microsoft.PowerApps/apis/shared_planner",
                  "operationId": "GetTask_V2",
                  "connectionName": "shared_planner"
                }
              }
            },
            "Update_a_row": {
              "type": "OpenApiConnection",
              "inputs": {
                "parameters": {
                  "source": "me",
                  "drive": "b!prHifr7kMUiDsgcuqDJ806iAR75GBnFFvLUEOlybkv72ojKm2kXbS6vzyI4TeC-p",
                  "file": "01AX2USSY6UMSXU5GVLVHLRIYDIXPVEJG7",
                  "table": "{EB01E72A-9C44-4195-9E02-A5126C612D03}",
                  "idColumn": "Identificação da tarefa",
                  "id": "@items('For_each_Task_ID')?['Identificação da tarefa']",
                  "item/ID do Bucket": "@outputs('Get_a_task')?['body/bucketId']"
                },
                "host": {
                  "apiId": "/providers/Microsoft.PowerApps/apis/shared_excelonlinebusiness",
                  "operationId": "PatchItem",
                  "connectionName": "shared_excelonlinebusiness"
                }
              },
              "runAfter": {
                "Get_a_task": [
                  "Succeeded"
                ]
              },
              "metadata": {
                "01AX2USS4MVZNPJ4J2ORB2TOLV2HEWMHP5": "/Documents/Tarefas Planner/Tarefas Teste.xlsx",
                "tableId": "{EB01E72A-9C44-4195-9E02-A5126C612D03}",
                "01AX2USSY6UMSXU5GVLVHLRIYDIXPVEJG7": "/Documents/Tarefas Planner/Tarefas Teste.xlsx"
              }
            }
          },
          "runAfter": {
            "List_rows_present_in_a_table": [
              "Succeeded"
            ]
          }
        }
      }
    },
    "templateName": null
  },
  "schemaVersion": "1.0.0.0"
}