{
  "properties": {
    "connectionReferences": {
      "shared_onedriveforbusiness": {
        "runtimeSource": "embedded",
        "connection": {
          "connectionReferenceLogicalName": "artifix_sharedonedriveforbusiness_baa60"
        },
        "api": {
          "name": "shared_onedriveforbusiness"
        }
      },
      "shared_filesystem": {
        "runtimeSource": "embedded",
        "connection": {
          "connectionReferenceLogicalName": "artifix_sharedfilesystem_a86df"
        },
        "api": {
          "name": "shared_filesystem"
        }
      }
    },
    "definition": {
      "$schema": "https://schema.management.azure.com/providers/Microsoft.Logic/schemas/2016-06-01/workflowdefinition.json#",
      "contentVersion": "1.0.0.0",
      "parameters": {
        "$authentication": {
          "defaultValue": {},
          "type": "SecureObject"
        },
        "$connections": {
          "defaultValue": {},
          "type": "Object"
        }
      },
      "triggers": {
        "When_a_file_is_modified_(properties_only)": {
          "recurrence": {
            "interval": 1,
            "frequency": "Minute"
          },
          "splitOn": "@triggerOutputs()?['body']",
          "metadata": {
            "b!prHifr7kMUiDsgcuqDJ806iAR75GBnFFvLUEOlybkv72ojKm2kXbS6vzyI4TeC-p.01AX2USS2BU6ATS2CTWVAKBGVMVCUSM5ZR": "/Documents"
          },
          "type": "OpenApiConnection",
          "inputs": {
            "parameters": {
              "folderId": "b!prHifr7kMUiDsgcuqDJ806iAR75GBnFFvLUEOlybkv72ojKm2kXbS6vzyI4TeC-p.01AX2USS2BU6ATS2CTWVAKBGVMVCUSM5ZR",
              "includeSubfolders": false,
              "maxFileCount": 10
            },
            "host": {
              "apiId": "/providers/Microsoft.PowerApps/apis/shared_onedriveforbusiness",
              "connectionName": "shared_onedriveforbusiness",
              "operationId": "OnUpdatedFilesV2"
            },
            "authentication": "@parameters('$authentication')"
          }
        }
      },
      "actions": {
        "Get_file_content": {
          "runAfter": {},
          "metadata": {
            "b!prHifr7kMUiDsgcuqDJ806iAR75GBnFFvLUEOlybkv72ojKm2kXbS6vzyI4TeC-p.01AX2USS4MVZNPJ4J2ORB2TOLV2HEWMHP5": "/Documents/Tarefas Teste.xlsx"
          },
          "type": "OpenApiConnection",
          "inputs": {
            "parameters": {
              "id": "b!prHifr7kMUiDsgcuqDJ806iAR75GBnFFvLUEOlybkv72ojKm2kXbS6vzyI4TeC-p.01AX2USS4MVZNPJ4J2ORB2TOLV2HEWMHP5",
              "inferContentType": true
            },
            "host": {
              "apiId": "/providers/Microsoft.PowerApps/apis/shared_onedriveforbusiness",
              "connectionName": "shared_onedriveforbusiness",
              "operationId": "GetFileContent"
            },
            "authentication": "@parameters('$authentication')"
          }
        },
        "Update_file": {
          "runAfter": {
            "Get_file_content": [
              "Succeeded"
            ]
          },
          "metadata": {
            "QzpcVXNlcnNcZ2FicmlcT25lRHJpdmVcRG9jdW1lbnRvc1xQcm9qZXRvc1xBcnRpZmljaWFsXGxlYXJuaW5nXGF1dG9tYXRpb25zXGZpbHRlcl90YXNrc19wbGFubmVyXGRhdGFcVGFza3MgUGxhbm5lci54bHN4": "C:\\Users\\gabri\\OneDrive\\Documentos\\Projetos\\Artificial\\learning\\automations\\filter_tasks_planner\\data\\Tasks Planner.xlsx"
          },
          "type": "OpenApiConnection",
          "inputs": {
            "parameters": {
              "id": "QzpcVXNlcnNcZ2FicmlcT25lRHJpdmVcRG9jdW1lbnRvc1xQcm9qZXRvc1xBcnRpZmljaWFsXGxlYXJuaW5nXGF1dG9tYXRpb25zXGZpbHRlcl90YXNrc19wbGFubmVyXGRhdGFcVGFza3MgUGxhbm5lci54bHN4",
              "body": "@body('Get_file_content')"
            },
            "host": {
              "apiId": "/providers/Microsoft.PowerApps/apis/shared_filesystem",
              "connectionName": "shared_filesystem",
              "operationId": "UpdateFile"
            },
            "authentication": "@parameters('$authentication')"
          }
        }
      },
      "outputs": {}
    },
    "templateName": null
  },
  "schemaVersion": "1.0.0.0"
}