{
  "properties": {
    "connectionReferences": {
      "shared_filesystem-1": {
        "api": {
          "name": "shared_filesystem"
        },
        "connection": {
          "connectionReferenceLogicalName": "artifix_sharedfilesystem_a86df"
        },
        "runtimeSource": "embedded"
      },
      "shared_planner-1": {
        "api": {
          "name": "shared_planner"
        },
        "connection": {
          "connectionReferenceLogicalName": "artifix_sharedplanner_09ff8"
        },
        "runtimeSource": "embedded"
      },
      "shared_excelonlinebusiness": {
        "api": {
          "name": "shared_excelonlinebusiness"
        },
        "connection": {
          "connectionReferenceLogicalName": "artifix_sharedexcelonlinebusiness_eee5d"
        },
        "runtimeSource": "embedded"
      },
      "shared_planner-2": {
        "api": {
          "name": "shared_planner"
        },
        "connection": {
          "connectionReferenceLogicalName": "artifix_sharedplanner_1fdcd"
        },
        "runtimeSource": "embedded"
      }
    },
    "definition": {
      "$schema": "https://schema.management.azure.com/providers/Microsoft.Logic/schemas/2016-06-01/workflowdefinition.json#",
      "contentVersion": "undefined",
      "parameters": {
        "$authentication": {
          "defaultValue": {},
          "type": "SecureObject"
        },
        "$connections": {
          "defaultValue": {},
          "type": "Object"
        }
      },
      "triggers": {
        "Recurrence": {
          "type": "Recurrence",
          "recurrence": {
            "interval": 5,
            "frequency": "Minute"
          }
        }
      },
      "actions": {
        "Get_file_content": {
          "type": "OpenApiConnection",
          "inputs": {
            "parameters": {
              "id": "QzpcdG1wXFBvd2VyQXV0b21hdGVcZmlsdGVyX3Rhc2tzX3BsYW5uZXJcZGF0YVxjaGFuZ2VkYnVja2V0cy5qc29u",
              "inferContentType": true
            },
            "host": {
              "apiId": "/providers/Microsoft.PowerApps/apis/shared_filesystem",
              "operationId": "GetFileContent",
              "connectionName": "shared_filesystem-1"
            }
          },
          "runAfter": {},
          "metadata": {
            "QzpcdG1wXFBvd2VyQXV0b21hdGVcbXVkYW5jYXNfYnVja2V0Lmpzb24=": "C:\\tmp\\PowerAutomate\\mudancas_bucket.json",
            "operationMetadataId": "191ff022-73e5-4b2c-bc03-3e9e2c9e5e16",
            "QzpcdG1wXFBvd2VyQXV0b21hdGVcZmlsdGVyX3Rhc2tzX3BsYW5uZXJcZGF0YVxjaGFuZ2VkYnVja2V0cy5qc29u": "C:\\tmp\\PowerAutomate\\filter_tasks_planner\\data\\changedbuckets.json"
          }
        },
        "Apply_to_each": {
          "type": "Foreach",
          "foreach": "@body('Parse_JSON')",
          "actions": {
            "Compose": {
              "type": "Compose",
              "inputs": "@item()?['id']",
              "metadata": {
                "operationMetadataId": "a8cdfbee-2673-4a02-8534-fb05a29637e1"
              }
            },
            "Get_a_task": {
              "type": "OpenApiConnection",
              "inputs": {
                "parameters": {
                  "id": "@outputs('Compose')"
                },
                "host": {
                  "apiId": "/providers/Microsoft.PowerApps/apis/shared_planner",
                  "operationId": "GetTask_V2",
                  "connectionName": "shared_planner-1"
                }
              },
              "runAfter": {
                "Compose": [
                  "Succeeded"
                ]
              },
              "metadata": {
                "operationMetadataId": "f0c1b8ec-b977-4a75-971d-743781029e6c"
              }
            },
            "For_each": {
              "type": "Foreach",
              "foreach": "@outputs('List_buckets')?['body/value']",
              "actions": {
                "Condition": {
                  "type": "If",
                  "expression": {
                    "and": [
                      {
                        "contains": [
                          "@items('For_each')?['id']",
                          "@outputs('Get_a_task')?['body/bucketId']"
                        ]
                      }
                    ]
                  },
                  "actions": {
                    "Set_variable": {
                      "type": "SetVariable",
                      "inputs": {
                        "name": "bucketName",
                        "value": "@items('For_each')?['name']"
                      },
                      "metadata": {
                        "operationMetadataId": "49f8c396-887c-442c-a5ac-ea5347820557"
                      }
                    }
                  },
                  "else": {
                    "actions": {}
                  },
                  "metadata": {
                    "operationMetadataId": "dfd06ecc-2fc5-4449-bcea-17a96e11815b"
                  }
                }
              },
              "runAfter": {
                "Get_task_details": [
                  "Succeeded"
                ]
              },
              "metadata": {
                "operationMetadataId": "ee63ab71-a710-41ee-9162-c0e1b7dcee4a"
              }
            },
            "Get_task_details": {
              "type": "OpenApiConnection",
              "inputs": {
                "parameters": {
                  "id": "@outputs('Compose')"
                },
                "host": {
                  "apiId": "/providers/Microsoft.PowerApps/apis/shared_planner",
                  "operationId": "GetTaskDetails_V2",
                  "connectionName": "shared_planner-1"
                }
              },
              "runAfter": {
                "Get_a_task": [
                  "Succeeded"
                ]
              },
              "metadata": {
                "operationMetadataId": "ae2749a6-94c1-45ac-ade4-929c1fa518cf"
              }
            },
            "Update_a_row": {
              "type": "OpenApiConnection",
              "inputs": {
                "parameters": {
                  "source": "me",
                  "drive": "b!prHifr7kMUiDsgcuqDJ806iAR75GBnFFvLUEOlybkv72ojKm2kXbS6vzyI4TeC-p",
                  "file": "01AX2USSY6UMSXU5GVLVHLRIYDIXPVEJG7",
                  "table": "{EB01E72A-9C44-4195-9E02-A5126C612D03}",
                  "idColumn": "Identificação da tarefa",
                  "id": "@items('Apply_to_each')['id']",
                  "item/ID do Bucket": "@outputs('Get_a_task')?['body/bucketId']",
                  "item/Nome do Bucket": "@variables('bucketName')",
                  "item/Descrição": "@outputs('Update_task_details')?['body/description']"
                },
                "host": {
                  "apiId": "/providers/Microsoft.PowerApps/apis/shared_excelonlinebusiness",
                  "operationId": "PatchItem",
                  "connectionName": "shared_excelonlinebusiness"
                }
              },
              "runAfter": {
                "Condition_doesnt_have_the_same_update_description_and_is_not_completed": [
                  "Succeeded"
                ]
              },
              "metadata": {
                "01AX2USS4MVZNPJ4J2ORB2TOLV2HEWMHP5": "/Documents/Tarefas Teste.xlsx",
                "tableId": "{EB01E72A-9C44-4195-9E02-A5126C612D03}",
                "operationMetadataId": "26036ef9-b05d-4e01-b473-3aa203a61b23",
                "01AX2USSY6UMSXU5GVLVHLRIYDIXPVEJG7": "/Documents/Tarefas Planner/Tarefas Teste.xlsx"
              }
            },
            "Condition_doesnt_have_the_same_update_description_and_is_not_completed": {
              "type": "If",
              "expression": {
                "and": [
                  {
                    "equals": [
                      "@contains(coalesce(outputs('Get_task_details')?['body/description'], ''), concat(formatDateTime(utcNow(), 'dd-MM-yyyy'), ' - ', variables('bucketName')))",
                      false
                    ]
                  },
                  {
                    "less": [
                      "@outputs('Get_a_task')?['body/percentComplete']",
                      100
                    ]
                  }
                ]
              },
              "actions": {
                "Update_task_details": {
                  "type": "OpenApiConnection",
                  "inputs": {
                    "parameters": {
                      "id": "@outputs('Compose')",
                      "body/description": "@{formatDateTime(convertTimeZone(utcNow(), 'UTC', 'E. South America Standard Time'), 'dd/MM/yyyy HH:mm')} - @{variables('bucketName')}\n@{outputs('Get_task_details')?['body/description']}"
                    },
                    "host": {
                      "apiId": "/providers/Microsoft.PowerApps/apis/shared_planner",
                      "operationId": "UpdateTaskDetails_V2",
                      "connectionName": "shared_planner-2"
                    }
                  },
                  "metadata": {
                    "operationMetadataId": "c3889488-627d-4b8f-84d8-bc98e451de4e"
                  }
                }
              },
              "else": {
                "actions": {}
              },
              "runAfter": {
                "For_each": [
                  "Succeeded"
                ]
              }
            }
          },
          "runAfter": {
            "List_buckets": [
              "Succeeded"
            ]
          },
          "metadata": {
            "operationMetadataId": "44be0083-763a-4094-886e-29979b92d825"
          }
        },
        "Parse_JSON": {
          "type": "ParseJson",
          "inputs": {
            "content": "@json(outputs('Compose_File_Content'))",
            "schema": {
              "type": "array",
              "items": {
                "type": "object",
                "properties": {
                  "id": {
                    "type": "string"
                  }
                },
                "required": [
                  "id"
                ]
              }
            }
          },
          "runAfter": {
            "Initialize_variable_bucketName": [
              "Succeeded"
            ]
          },
          "metadata": {
            "operationMetadataId": "1542f370-ed24-4583-9eff-a7c6986af111"
          }
        },
        "List_buckets": {
          "type": "OpenApiConnection",
          "inputs": {
            "parameters": {
              "groupId": "5363934a-a229-4a5e-9765-53bef3c10c4f",
              "id": "w2mN4LLPi0G6lG23AX8_q2QAFlvq"
            },
            "host": {
              "apiId": "/providers/Microsoft.PowerApps/apis/shared_planner",
              "operationId": "ListBuckets_V3",
              "connectionName": "shared_planner-1"
            }
          },
          "runAfter": {
            "Parse_JSON": [
              "Succeeded"
            ]
          },
          "metadata": {
            "operationMetadataId": "3e2f96e3-ffed-4daf-a048-8da0de2fef69"
          }
        },
        "Initialize_variable_bucketName": {
          "type": "InitializeVariable",
          "inputs": {
            "variables": [
              {
                "name": "bucketName",
                "type": "string"
              }
            ]
          },
          "runAfter": {
            "Compose_File_Content": [
              "Succeeded"
            ]
          },
          "metadata": {
            "operationMetadataId": "023173ca-72ca-49da-bbf5-3a8ec63b4edc"
          }
        },
        "Compose_File_Content": {
          "type": "Compose",
          "inputs": "@base64ToString(outputs('Get_file_content')?['body']['$content'])\r\n",
          "runAfter": {
            "Get_file_content": [
              "Succeeded"
            ]
          },
          "metadata": {
            "operationMetadataId": "a829fdc2-4cb3-450f-87bd-56ac8c2f2c12"
          }
        }
      }
    },
    "templateName": null
  },
  "schemaVersion": "1.0.0.0"
}