{
  "properties": {
    "connectionReferences": {
      "shared_planner-1": {
        "api": {
          "name": "shared_planner"
        },
        "connection": {
          "connectionReferenceLogicalName": "new_sharedplanner_271cd"
        },
        "runtimeSource": "embedded"
      },
      "shared_filesystem-1": {
        "api": {
          "name": "shared_filesystem"
        },
        "connection": {
          "connectionReferenceLogicalName": "artifix_sharedfilesystem_a86df"
        },
        "runtimeSource": "embedded"
      }
    },
    "definition": {
      "$schema": "https://schema.management.azure.com/providers/Microsoft.Logic/schemas/2016-06-01/workflowdefinition.json#",
      "contentVersion": "undefined",
      "parameters": {
        "$authentication": {
          "defaultValue": {},
          "type": "SecureObject"
        },
        "$connections": {
          "defaultValue": {},
          "type": "Object"
        }
      },
      "triggers": {
        "Recurrence": {
          "type": "Recurrence",
          "recurrence": {
            "interval": 5,
            "frequency": "Minute",
            "timeZone": "E. South America Standard Time"
          }
        }
      },
      "actions": {
        "List_tasks": {
          "type": "OpenApiConnection",
          "inputs": {
            "parameters": {
              "groupId": "5363934a-a229-4a5e-9765-53bef3c10c4f",
              "id": "w2mN4LLPi0G6lG23AX8_q2QAFlvq"
            },
            "host": {
              "apiId": "/providers/Microsoft.PowerApps/apis/shared_planner",
              "operationId": "ListTasks_V3",
              "connectionName": "shared_planner-1"
            }
          },
          "runAfter": {}
        },
        "Create_file": {
          "type": "OpenApiConnection",
          "inputs": {
            "parameters": {
              "folderPath": "C:\\tmp\\PowerAutomate\\filter_tasks_planner\\data",
              "name": "tasksplanner.json",
              "body": "@body('List_tasks')"
            },
            "host": {
              "apiId": "/providers/Microsoft.PowerApps/apis/shared_filesystem",
              "operationId": "CreateFile",
              "connectionName": "shared_filesystem-1"
            }
          },
          "runAfter": {
            "List_tasks": [
              "Succeeded"
            ]
          }
        }
      }
    },
    "templateName": null
  },
  "schemaVersion": "1.0.0.0"
}