{
  "properties": {
    "connectionReferences": {
      "shared_onedriveforbusiness": {
        "api": {
          "name": "shared_onedriveforbusiness"
        },
        "connection": {
          "connectionReferenceLogicalName": "artifix_sharedonedriveforbusiness_baa60"
        },
        "runtimeSource": "embedded"
      },
      "shared_filesystem": {
        "api": {
          "name": "shared_filesystem"
        },
        "connection": {
          "connectionReferenceLogicalName": "artifix_sharedfilesystem_a86df"
        },
        "runtimeSource": "embedded"
      }
    },
    "definition": {
      "$schema": "https://schema.management.azure.com/providers/Microsoft.Logic/schemas/2016-06-01/workflowdefinition.json#",
      "contentVersion": "1.0.0.0",
      "parameters": {
        "$authentication": {
          "defaultValue": {},
          "type": "SecureObject"
        },
        "$connections": {
          "defaultValue": {},
          "type": "Object"
        }
      },
      "triggers": {
        "When_a_file_is_modified_(properties_only)": {
          "type": "OpenApiConnection",
          "inputs": {
            "parameters": {
              "folderId": "b!prHifr7kMUiDsgcuqDJ806iAR75GBnFFvLUEOlybkv72ojKm2kXbS6vzyI4TeC-p.01AX2USS5PE73D2UX24BCKUQLNZAZWOGNZ",
              "includeSubfolders": false,
              "maxFileCount": 10
            },
            "host": {
              "apiId": "/providers/Microsoft.PowerApps/apis/shared_onedriveforbusiness",
              "operationId": "OnUpdatedFilesV2",
              "connectionName": "shared_onedriveforbusiness"
            }
          },
          "recurrence": {
            "interval": 1,
            "frequency": "Minute"
          },
          "splitOn": "@triggerOutputs()?['body']",
          "metadata": {
            "b!prHifr7kMUiDsgcuqDJ806iAR75GBnFFvLUEOlybkv72ojKm2kXbS6vzyI4TeC-p.01AX2USS2BU6ATS2CTWVAKBGVMVCUSM5ZR": "/Documents",
            "b!prHifr7kMUiDsgcuqDJ806iAR75GBnFFvLUEOlybkv72ojKm2kXbS6vzyI4TeC-p.01AX2USS5PE73D2UX24BCKUQLNZAZWOGNZ": "/Documents/Tarefas Planner"
          }
        }
      },
      "actions": {
        "Get_file_content": {
          "type": "OpenApiConnection",
          "inputs": {
            "parameters": {
              "id": "b!prHifr7kMUiDsgcuqDJ806iAR75GBnFFvLUEOlybkv72ojKm2kXbS6vzyI4TeC-p.01AX2USSY6UMSXU5GVLVHLRIYDIXPVEJG7",
              "inferContentType": true
            },
            "host": {
              "apiId": "/providers/Microsoft.PowerApps/apis/shared_onedriveforbusiness",
              "operationId": "GetFileContent",
              "connectionName": "shared_onedriveforbusiness"
            }
          },
          "runAfter": {},
          "metadata": {
            "b!prHifr7kMUiDsgcuqDJ806iAR75GBnFFvLUEOlybkv72ojKm2kXbS6vzyI4TeC-p.01AX2USS4MVZNPJ4J2ORB2TOLV2HEWMHP5": "/Documents/Tarefas Teste.xlsx",
            "b!prHifr7kMUiDsgcuqDJ806iAR75GBnFFvLUEOlybkv72ojKm2kXbS6vzyI4TeC-p.01AX2USSY6UMSXU5GVLVHLRIYDIXPVEJG7": "/Documents/Tarefas Planner/Tarefas Teste.xlsx"
          }
        },
        "Update_file": {
          "type": "OpenApiConnection",
          "inputs": {
            "parameters": {
              "id": "QzpcdG1wXFBvd2VyQXV0b21hdGVcZmlsdGVyX3Rhc2tzX3BsYW5uZXJcZGF0YVxUYXNrcyBQbGFubmVyLnhsc3g=",
              "body": "@body('Get_file_content')"
            },
            "host": {
              "apiId": "/providers/Microsoft.PowerApps/apis/shared_filesystem",
              "operationId": "UpdateFile",
              "connectionName": "shared_filesystem"
            }
          },
          "runAfter": {
            "Get_file_content": [
              "Succeeded"
            ]
          },
          "metadata": {
            "QzpcVXNlcnNcZ2FicmlcT25lRHJpdmVcRG9jdW1lbnRvc1xQcm9qZXRvc1xBcnRpZmljaWFsXGxlYXJuaW5nXGF1dG9tYXRpb25zXGZpbHRlcl90YXNrc19wbGFubmVyXGRhdGFcVGFza3MgUGxhbm5lci54bHN4": "C:\\Users\\gabri\\OneDrive\\Documentos\\Projetos\\Artificial\\learning\\automations\\filter_tasks_planner\\data\\Tasks Planner.xlsx",
            "QzpcdG1wXFBvd2VyQXV0b21hdGVcZmlsdGVyX3Rhc2tzX3BsYW5uZXJcZGF0YVxUYXNrcyBQbGFubmVyLnhsc3g=": "C:\\tmp\\PowerAutomate\\filter_tasks_planner\\data\\Tasks Planner.xlsx"
          }
        }
      },
      "outputs": {}
    },
    "templateName": null
  },
  "schemaVersion": "1.0.0.0"
}